video_id,participant_id,duration_sec,duration_min,fps,resolution,train_actions,validation_actions,test_timestamps,labelled_actions,unique_verb_labels,unique_noun_labels,unique_verb_classes,unique_noun_classes,actions_per_min,labelled_action_coverage
P01_01,P01,1652.153,27.536,59.940,1920x1080,329,0,0,329,33,44,24,37,11.948,0.849
P01_02,P01,502.135,8.369,59.940,1920x1080,145,0,0,145,19,30,16,27,17.326,1.007
P01_03,P01,118.852,1.981,59.940,1920x1080,42,0,0,42,13,16,12,13,21.203,0.685
P01_04,P01,105.238,1.754,59.940,1920x1080,32,0,0,32,15,14,14,14,18.244,0.854
P01_05,P01,1271.988,21.200,59.940,1920x1080,259,0,0,259,34,56,25,44,12.217,0.620
P01_06,P01,492.225,8.204,59.940,1920x1080,119,0,0,119,21,24,17,22,14.506,0.979
P01_07,P01,161.395,2.690,59.940,1920x1080,57,0,0,57,14,24,11,20,21.190,0.767
P01_08,P01,98.966,1.649,59.940,1920x1080,32,0,0,32,16,16,14,15,19.401,0.862
P01_09,P01,3571.068,59.518,59.940,1920x1080,881,0,0,881,58,81,37,59,14.802,0.896
P01_10,P01,139.039,2.317,59.940,1920x1080,26,0,0,26,12,10,10,9,11.220,0.887
P01_101,P01,1831.460,30.524,50.000,1920x1080,0,0,647,0,0,0,0,0,0.000,0.000
P01_102,P01,274.920,4.582,50.000,1920x1080,127,0,0,127,18,23,14,22,27.717,1.109
P01_103,P01,178.020,2.967,50.000,1920x1080,98,0,0,98,19,33,15,29,33.030,0.835
P01_104,P01,245.640,4.094,50.000,1920x1080,93,0,0,93,19,13,15,12,22.716,0.941
P01_105,P01,2120.360,35.339,50.000,1920x1080,790,0,0,790,52,79,33,57,22.355,0.833
P01_106,P01,723.380,12.056,50.000,1920x1080,247,0,0,247,34,35,23,27,20.487,0.975
P01_107,P01,119.440,1.991,50.000,1920x1080,62,0,0,62,19,20,15,19,31.145,0.795
P01_108,P01,139.900,2.332,50.000,1920x1080,66,0,0,66,18,20,16,19,28.306,0.772
P01_109,P01,3708.040,61.801,50.000,1920x1080,918,0,0,918,59,64,38,47,14.854,0.871
P01_11,P01,561.528,9.359,59.940,1920x1080,0,148,0,148,22,26,16,23,15.814,0.881
P01_12,P01,173.807,2.897,59.940,1920x1080,0,62,0,62,12,27,10,23,21.403,0.828
P01_13,P01,93.760,1.563,59.940,1920x1080,0,30,0,30,15,13,13,13,19.198,0.739
P01_14,P01,1352.585,22.543,59.940,1920x1080,0,354,0,354,36,60,28,47,15.703,0.878
P01_15,P01,924.957,15.416,59.940,1920x1080,0,291,0,291,23,34,19,29,18.877,0.992
P01_16,P01,174.624,2.910,59.940,1920x1080,73,0,0,73,11,24,11,22,25.082,0.752
P01_17,P01,1153.119,19.219,59.940,1920x1080,287,0,0,287,31,45,22,39,14.933,0.907
P01_18,P01,3692.673,61.545,59.940,1920x1080,689,0,0,689,46,60,33,49,11.195,0.844
P01_19,P01,477.978,7.966,59.940,1920x1080,137,0,0,137,19,25,16,22,17.197,1.006
P02_01,P02,232.983,3.883,59.940,1920x1080,87,0,0,87,21,23,14,20,22.405,0.713
P02_02,P02,207.040,3.451,59.940,1920x1080,89,0,0,89,18,18,15,16,25.792,0.986
P02_03,P02,1252.185,20.870,59.940,1920x1080,362,0,0,362,65,67,33,45,17.346,0.864
P02_04,P02,422.389,7.040,59.940,1920x1080,168,0,0,168,21,31,17,29,23.864,0.938
P02_05,P02,18.552,0.309,59.940,1920x1080,5,0,0,5,4,3,4,3,16.171,0.502
P02_06,P02,1035.551,17.259,59.940,1920x1080,371,0,0,371,40,66,26,51,21.496,0.834
P02_07,P02,108.575,1.810,59.940,1920x1080,53,0,0,53,19,18,15,16,29.288,1.031
P02_08,P02,66.967,1.116,59.940,1920x1080,33,0,0,33,16,14,12,13,29.567,0.904
P02_09,P02,2199.850,36.664,59.940,1920x1080,573,0,0,573,72,80,39,57,15.628,0.983
P02_10,P02,48.749,0.812,59.940,1920x1080,12,0,0,12,7,5,5,4,14.770,1.023
P02_101,P02,243.720,4.062,50.000,1920x1080,111,0,0,111,26,25,20,21,27.326,0.808
P02_102,P02,227.080,3.785,50.000,1920x1080,110,0,0,110,15,29,11,22,29.065,0.906
P02_103,P02,122.160,2.036,50.000,1920x1080,47,0,0,47,21,18,17,16,23.084,0.776
P02_104,P02,567.180,9.453,50.000,1920x1080,182,0,0,182,38,40,27,37,19.253,0.749
P02_105,P02,410.380,6.840,50.000,1920x1080,199,0,0,199,28,36,21,30,29.095,0.884
P02_106,P02,64.340,1.072,50.000,1920x1080,0,0,26,0,0,0,0,0,0.000,0.000
P02_107,P02,121.460,2.024,50.000,1920x1080,52,0,0,52,19,18,16,14,25.687,0.672
P02_108,P02,1291.640,21.527,50.000,1920x1080,451,0,0,451,62,75,36,48,20.950,0.887
P02_109,P02,912.580,15.210,50.000,1920x1080,187,0,0,187,48,41,29,30,12.295,0.883
P02_11,P02,54.087,0.901,59.940,1920x1080,20,0,0,20,10,8,8,7,22.186,0.726
P02_110,P02,179.240,2.987,50.000,1920x1080,50,0,0,50,15,17,12,14,16.737,0.885
P02_111,P02,52.580,0.876,50.000,1920x1080,17,0,0,17,11,9,11,9,19.399,0.814
P02_112,P02,1182.620,19.710,50.000,1920x1080,317,0,0,317,31,34,21,24,16.083,0.885
P02_113,P02,448.700,7.478,50.000,1920x1080,184,0,0,184,29,31,19,28,24.604,0.850
P02_114,P02,35.700,0.595,50.000,1920x1080,16,0,0,16,9,4,8,4,26.891,0.812
P02_115,P02,106.500,1.775,50.000,1920x1080,45,0,0,45,12,9,11,8,25.352,0.916
P02_116,P02,68.380,1.140,50.000,1920x1080,32,0,0,32,6,5,5,5,28.078,0.853
P02_117,P02,348.380,5.806,50.000,1920x1080,0,0,139,0,0,0,0,0,0.000,0.000
P02_118,P02,776.460,12.941,50.000,1920x1080,290,0,0,290,41,49,24,39,22.409,0.851
P02_119,P02,91.980,1.533,50.000,1920x1080,16,0,0,16,8,9,7,9,10.437,0.387
P02_12,P02,1315.333,21.922,59.940,1920x1080,0,371,0,371,43,41,25,31,16.923,0.887
P02_120,P02,738.420,12.307,50.000,1920x1080,221,0,0,221,46,60,27,43,17.957,0.876
P02_121,P02,393.120,6.552,50.000,1920x1080,99,0,0,99,31,20,27,14,15.110,0.932
P02_122,P02,767.300,12.788,50.000,1920x1080,214,0,0,214,44,65,28,40,16.734,0.790
P02_123,P02,1398.340,23.306,50.000,1920x1080,473,0,0,473,56,71,34,53,20.295,0.840
P02_124,P02,231.840,3.864,50.000,1920x1080,93,0,0,93,17,34,16,26,24.068,0.757
P02_125,P02,656.440,10.941,50.000,1920x1080,0,0,292,0,0,0,0,0,0.000,0.000
P02_126,P02,148.720,2.479,50.000,1920x1080,60,0,0,60,24,22,17,17,24.207,0.778
P02_127,P02,26.340,0.439,50.000,1920x1080,11,0,0,11,7,4,6,4,25.057,0.703
P02_128,P02,135.240,2.254,50.000,1920x1080,63,0,0,63,21,23,15,17,27.950,0.703
P02_129,P02,1113.340,18.556,50.000,1920x1080,494,0,0,494,62,85,39,57,26.623,0.777
P02_13,P02,29.513,0.492,59.940,1920x1080,0,14,0,14,7,4,7,4,28.462,0.833
P02_130,P02,1083.460,18.058,50.000,1920x1080,331,0,0,331,61,58,35,38,18.330,0.816
P02_131,P02,674.900,11.248,50.000,1920x1080,273,0,0,273,36,39,25,31,24.270,0.885
P02_132,P02,227.080,3.785,50.000,1920x1080,89,0,0,89,18,24,16,18,23.516,0.782
P02_133,P02,80.440,1.341,50.000,1920x1080,34,0,0,34,13,12,11,10,25.361,0.680
P02_134,P02,26.920,0.449,50.000,1920x1080,14,0,0,14,8,7,6,7,31.204,0.680
P02_135,P02,261.180,4.353,50.000,1920x1080,116,0,0,116,28,33,22,23,26.648,0.696
P02_136,P02,391.860,6.531,50.000,1920x1080,0,0,208,0,0,0,0,0,0.000,0.000
P02_137,P02,1166.420,19.440,50.000,1920x1080,0,0,396,0,0,0,0,0,0.000,0.000
P02_14,P02,32.199,0.537,59.940,1920x1080,0,14,0,14,11,6,9,5,26.088,0.950
P02_15,P02,94.027,1.567,59.940,1920x1080,0,50,0,50,14,8,9,8,31.906,0.769
P03_02,P03,426.610,7.110,59.940,1920x1080,137,0,0,137,29,24,17,21,19.268,0.752
P03_03,P03,70.988,1.183,59.940,1920x1080,24,0,0,24,13,9,9,9,20.285,0.559
P03_04,P03,1670.755,27.846,59.940,1920x1080,361,0,0,361,41,56,27,49,12.964,0.757
P03_05,P03,224.324,3.739,59.940,1920x1080,66,0,0,66,16,17,15,16,17.653,0.747
P03_06,P03,109.126,1.819,59.940,1920x1080,32,0,0,32,10,13,8,13,17.594,1.018
P03_07,P03,107.207,1.787,59.940,1920x1080,48,0,0,48,14,16,12,16,26.864,0.720
P03_08,P03,29.429,0.490,59.940,1920x1080,9,0,0,9,6,5,6,5,18.349,0.431
P03_09,P03,626.042,10.434,59.940,1920x1080,180,0,0,180,24,35,17,33,17.251,0.800
P03_10,P03,102.769,1.713,59.940,1920x1080,41,0,0,41,11,13,8,13,23.937,0.558
P03_101,P03,852.960,14.216,50.000,1920x1080,351,0,0,351,56,72,30,45,24.690,0.879
P03_102,P03,168.800,2.813,50.000,1920x1080,84,0,0,84,20,31,14,24,29.858,0.783
P03_103,P03,1668.320,27.805,50.000,1920x1080,0,0,657,0,0,0,0,0,0.000,0.000
P03_104,P03,411.160,6.853,50.000,1920x1080,0,0,183,0,0,0,0,0,0.000,0.000
P03_105,P03,205.360,3.423,50.000,1920x1080,0,0,96,0,0,0,0,0,0.000,0.000
P03_106,P03,89.020,1.484,50.000,1920x1080,32,0,0,32,14,17,12,14,21.568,0.688
P03_107,P03,254.480,4.241,50.000,1920x1080,109,0,0,109,25,25,20,21,25.699,0.821
P03_108,P03,42.720,0.712,50.000,1920x1080,19,0,0,19,12,5,11,5,26.685,0.827
P03_109,P03,1134.060,18.901,50.000,1920x1080,411,0,0,411,50,64,30,45,21.745,0.924
P03_11,P03,52.636,0.877,59.940,1920x1080,19,0,0,19,10,7,7,6,21.658,0.736
P03_110,P03,18.100,0.302,50.000,1920x1080,14,0,0,14,5,7,4,6,46.409,0.625
P03_111,P03,74.320,1.239,50.000,1920x1080,35,0,0,35,18,15,13,14,28.256,0.714
P03_112,P03,507.960,8.466,50.000,1920x1080,171,0,0,171,37,52,29,40,20.198,0.678
P03_113,P03,148.320,2.472,50.000,1920x1080,62,0,0,62,24,17,19,15,25.081,0.778
P03_114,P03,27.640,0.461,50.000,1920x1080,17,0,0,17,9,10,6,8,36.903,0.667
P03_115,P03,22.220,0.370,50.000,1920x1080,14,0,0,14,10,4,9,4,37.804,0.730
P03_116,P03,57.300,0.955,50.000,1920x1080,31,0,0,31,14,10,11,8,32.461,0.841
P03_117,P03,722.860,12.048,50.000,1920x1080,259,0,0,259,40,44,23,34,21.498,0.891
P03_118,P03,126.120,2.102,50.000,1920x1080,66,0,0,66,14,18,9,12,31.399,0.797
P03_119,P03,672.380,11.206,50.000,1920x1080,211,0,0,211,29,42,19,31,18.829,0.800
P03_12,P03,21.572,0.360,59.940,1920x1080,7,0,0,7,5,6,5,6,19.470,0.426
P03_120,P03,814.680,13.578,50.000,1920x1080,256,0,0,256,49,50,30,37,18.854,0.826
P03_121,P03,388.340,6.472,50.000,1920x1080,68,0,0,68,25,22,16,16,10.506,0.920
P03_122,P03,38.120,0.635,50.000,1920x1080,12,0,0,12,10,4,10,4,18.888,0.703
P03_123,P03,319.140,5.319,50.000,1920x1080,98,0,0,98,30,26,20,20,18.425,0.822
P03_13,P03,55.973,0.933,59.940,1920x1080,21,0,0,21,11,4,7,4,22.511,0.625
P03_14,P03,260.076,4.335,59.940,1920x1080,43,0,0,43,16,14,11,14,9.920,0.844
P03_15,P03,10.477,0.175,59.940,1920x1080,3,0,0,3,3,2,3,2,17.180,0.338
P03_16,P03,271.688,4.528,59.940,1920x1080,39,0,0,39,19,12,15,12,8.613,0.550
P03_17,P03,148.849,2.481,59.940,1920x1080,25,0,0,25,13,13,7,11,10.077,0.708
P03_18,P03,24.224,0.404,59.940,1920x1080,8,0,0,8,7,4,7,4,19.815,0.792
P03_19,P03,550.350,9.172,59.940,1920x1080,168,0,0,168,23,32,17,28,18.316,0.743
P03_20,P03,360.610,6.010,59.940,1920x1080,74,0,0,74,25,18,16,18,12.312,0.799
P03_21,P03,31.899,0.532,59.940,1920x1080,0,13,0,13,6,4,5,4,24.453,0.576
P03_22,P03,61.345,1.022,59.940,1920x1080,0,26,0,26,7,10,5,10,25.430,0.622
P03_23,P03,509.642,8.494,59.940,1920x1080,0,125,0,125,28,26,23,25,14.716,0.587
P03_24,P03,821.788,13.696,59.940,1920x1080,0,136,0,136,23,35,19,31,9.930,0.640
P03_25,P03,37.187,0.620,59.940,1920x1080,0,16,0,16,11,5,9,5,25.815,0.572
P03_26,P03,11.128,0.185,59.940,1920x1080,0,4,0,4,4,3,4,3,21.568,0.836
P03_27,P03,97.147,1.619,59.940,1920x1080,27,0,0,27,16,8,14,8,16.676,0.786
P03_28,P03,85.535,1.426,59.940,1920x1080,41,0,0,41,13,8,11,7,28.760,0.708
P04_01,P04,1154.773,19.246,59.940,1920x1080,262,0,0,262,56,49,35,41,13.613,0.807
P04_02,P04,1437.622,23.960,59.940,1920x1080,329,0,0,329,58,60,28,41,13.731,0.822
P04_03,P04,801.818,13.364,59.940,1920x1080,218,0,0,218,41,57,27,42,16.313,0.795
P04_04,P04,858.141,14.302,59.940,1920x1080,152,0,0,152,31,35,21,30,10.628,0.792
P04_05,P04,2068.701,34.478,59.940,1920x1080,309,0,0,309,56,66,31,48,8.962,0.704
P04_06,P04,788.254,13.138,59.940,1920x1080,117,0,0,117,29,34,24,32,8.906,0.754
P04_07,P04,122.956,2.049,59.940,1920x1080,29,0,0,29,12,14,8,13,14.151,0.865
P04_08,P04,82.683,1.378,59.940,1920x1080,20,0,0,20,9,11,7,10,14.513,0.833
P04_09,P04,411.378,6.856,59.940,1920x1080,35,0,0,35,13,18,8,17,5.105,0.668
P04_10,P04,1141.760,19.029,59.940,1920x1080,106,0,0,106,32,33,18,29,5.570,0.776
P04_101,P04,549.480,9.158,50.000,1920x1080,241,0,0,241,44,36,32,33,26.316,0.850
P04_102,P04,155.320,2.589,50.000,1920x1080,63,0,0,63,12,23,11,23,24.337,0.702
P04_103,P04,67.220,1.120,50.000,1920x1080,39,0,0,39,10,7,7,7,34.811,0.824
P04_104,P04,684.700,11.412,50.000,1920x1080,294,0,0,294,50,53,30,41,25.763,0.825
P04_105,P04,1882.400,31.373,50.000,1920x1080,0,0,675,0,0,0,0,0,0.000,0.000
P04_106,P04,253.300,4.222,50.000,1920x1080,115,0,0,115,42,24,28,20,27.240,0.916
P04_107,P04,1483.720,24.729,50.000,1920x1080,940,0,0,940,114,43,44,31,38.013,0.979
P04_108,P04,179.640,2.994,50.000,1920x1080,101,0,0,101,28,40,21,30,33.734,0.828
P04_109,P04,980.540,16.342,50.000,1920x1080,538,0,0,538,92,88,46,50,32.921,0.990
P04_11,P04,241.358,4.023,59.940,1920x1080,25,0,0,25,14,9,12,9,6.215,0.899
P04_110,P04,722.360,12.039,50.000,1920x1080,401,0,0,401,71,70,37,47,33.307,0.859
P04_111,P04,155.080,2.585,50.000,1920x1080,69,0,0,69,17,15,14,15,26.696,0.966
P04_112,P04,491.220,8.187,50.000,1920x1080,257,0,0,257,49,42,32,30,31.391,0.898
P04_113,P04,1182.460,19.708,50.000,1920x1080,517,0,0,517,85,99,45,61,26.233,0.819
P04_114,P04,160.040,2.667,50.000,1920x1080,84,0,0,84,36,25,26,20,31.492,0.834
P04_115,P04,258.300,4.305,50.000,1920x1080,133,0,0,133,39,43,26,29,30.894,0.887
P04_116,P04,573.640,9.561,50.000,1920x1080,223,0,0,223,49,49,31,31,23.325,1.045
P04_117,P04,335.080,5.585,50.000,1920x1080,168,0,0,168,43,22,28,13,30.082,1.088
P04_118,P04,148.600,2.477,50.000,1920x1080,54,0,0,54,24,26,17,24,21.803,0.944
P04_119,P04,851.020,14.184,50.000,1920x1080,288,0,0,288,74,70,43,42,20.305,0.881
P04_12,P04,160.627,2.677,59.940,1920x1080,16,0,0,16,9,8,8,8,5.977,0.664
P04_120,P04,834.620,13.910,50.000,1920x1080,376,0,0,376,70,64,39,38,27.030,0.969
P04_121,P04,1693.220,28.220,50.000,1920x1080,717,0,0,717,122,89,51,51,25.407,0.921
P04_122,P04,222.880,3.715,50.000,1920x1080,0,0,99,0,0,0,0,0,0.000,0.000
P04_123,P04,1301.320,21.689,50.000,1920x1080,0,0,690,0,0,0,0,0,0.000,0.000
P04_13,P04,314.264,5.238,59.940,1920x1080,41,0,0,41,17,18,15,18,7.828,0.783
P04_14,P04,87.704,1.462,59.940,1920x1080,9,0,0,9,5,2,5,2,6.157,0.675
P04_15,P04,24.858,0.414,59.940,1920x1080,1,0,0,1,1,1,1,1,2.414,0.276
P04_16,P04,217.033,3.617,59.940,1920x1080,43,0,0,43,18,18,15,16,11.888,0.761
P04_17,P04,147.781,2.463,59.940,1920x1080,22,0,0,22,11,6,11,6,8.932,0.729
P04_18,P04,124.791,2.080,59.940,1920x1080,26,0,0,26,14,14,13,14,12.501,0.909
P04_19,P04,15.515,0.259,59.940,1920x1080,5,0,0,5,5,3,5,3,19.336,0.844
P04_20,P04,92.142,1.536,59.940,1920x1080,13,0,0,13,7,9,7,8,8.465,0.535
P04_21,P04,197.147,3.286,59.940,1920x1080,24,0,0,24,10,14,9,13,7.304,0.782
P04_22,P04,171.371,2.856,59.940,1920x1080,22,0,0,22,11,15,10,11,7.703,0.635
P04_23,P04,998.648,16.644,59.940,1920x1080,93,0,0,93,25,30,19,26,5.588,0.759
P04_24,P04,502.052,8.368,59.940,1920x1080,0,64,0,64,24,25,19,24,7.649,0.776
P04_25,P04,381.514,6.359,59.940,1920x1080,0,27,0,27,13,13,12,13,4.246,0.797
P04_26,P04,36.887,0.615,59.940,1920x1080,0,3,0,3,3,2,3,2,4.880,0.518
P04_27,P04,104.821,1.747,59.940,1920x1080,0,11,0,11,5,3,3,2,6.296,0.467
P04_28,P04,158.492,2.642,59.940,1920x1080,0,25,0,25,15,10,14,9,9.464,0.782
P04_29,P04,425.408,7.090,59.940,1920x1080,0,61,0,61,22,36,18,31,8.603,0.694
P04_30,P04,312.696,5.212,59.940,1920x1080,0,50,0,50,14,20,11,20,9.594,0.790
P04_31,P04,825.458,13.758,59.940,1920x1080,0,113,0,113,39,46,25,41,8.214,0.775
P04_32,P04,53.537,0.892,59.940,1920x1080,0,7,0,7,7,5,6,5,7.845,0.682
P04_33,P04,184.101,3.068,59.940,1920x1080,0,21,0,21,12,12,10,11,6.844,0.738
P05_01,P05,365.765,6.096,59.940,1920x1080,49,0,0,49,19,22,15,17,8.038,0.307
P05_02,P05,338.455,5.641,59.940,1920x1080,56,0,0,56,19,20,15,16,9.927,0.449
P05_03,P05,1033.165,17.219,59.940,1920x1080,163,0,0,163,33,41,19,30,9.466,0.686
P05_04,P05,388.421,6.474,59.940,1920x1080,60,0,0,60,17,24,12,19,9.268,0.382
P05_05,P05,155.672,2.595,59.940,1920x1080,30,0,0,30,11,16,9,13,11.563,0.384
P05_06,P05,310.944,5.182,59.940,1920x1080,38,0,0,38,18,18,15,15,7.333,0.295
P05_07,P05,801.868,13.364,59.940,1920x1080,0,111,0,111,25,24,20,19,8.306,0.497
P05_08,P05,1280.597,21.343,59.940,1920x1080,139,0,0,139,23,38,15,27,6.513,0.723
P05_09,P05,421.104,7.018,59.940,1920x1080,0,66,0,66,21,28,15,24,9.404,0.666
P06_01,P06,90.440,1.507,59.940,1920x1080,23,0,0,23,9,8,7,8,15.259,0.650
P06_02,P06,13.947,0.232,59.940,1920x1080,6,0,0,6,5,4,5,3,25.812,0.562
P06_03,P06,686.069,11.434,59.940,1920x1080,128,0,0,128,27,21,18,20,11.194,0.938
P06_05,P06,1444.278,24.071,59.940,1920x1080,224,0,0,224,33,37,25,34,9.306,0.834
P06_07,P06,1061.928,17.699,59.940,1920x1080,256,0,0,256,44,43,26,38,14.464,0.912
P06_08,P06,30.664,0.511,59.940,1920x1080,6,0,0,6,3,6,3,6,11.740,0.624
P06_09,P06,1344.779,22.413,59.940,1920x1080,178,0,0,178,31,30,20,23,7.942,0.727
P06_10,P06,242.976,4.050,59.940,1920x1080,0,60,0,60,18,17,15,17,14.816,0.755
P06_101,P06,1859.100,30.985,50.000,1920x1080,422,0,0,422,44,52,29,46,13.619,0.852
P06_102,P06,733.220,12.220,50.000,1920x1080,129,0,0,129,34,27,24,27,10.556,0.834
P06_103,P06,839.640,13.994,50.000,1920x1080,177,0,0,177,29,31,21,30,12.648,0.667
P06_104,P06,152.420,2.540,50.000,1920x1080,37,0,0,37,18,10,15,10,14.565,0.779
P06_105,P06,107.740,1.796,50.000,1920x1080,29,0,0,29,13,11,12,11,16.150,0.708
P06_106,P06,172.560,2.876,50.000,1920x1080,53,0,0,53,21,20,16,19,18.428,0.814
P06_107,P06,291.280,4.855,50.000,1920x1080,64,0,0,64,22,21,19,21,13.183,0.883
P06_108,P06,728.700,12.145,50.000,1920x1080,171,0,0,171,40,38,31,36,14.080,0.777
P06_109,P06,38.420,0.640,50.000,1920x1080,10,0,0,10,8,4,8,4,15.617,0.694
P06_11,P06,76.960,1.283,59.940,1920x1080,0,23,0,23,12,9,10,9,17.931,0.785
P06_110,P06,76.320,1.272,50.000,1920x1080,15,0,0,15,8,6,7,6,11.792,0.887
P06_111,P06,851.080,14.185,50.000,1920x1080,0,0,179,0,0,0,0,0,0.000,0.000
P06_112,P06,100.900,1.682,50.000,1920x1080,0,0,30,0,0,0,0,0,0.000,0.000
P06_113,P06,309.340,5.156,50.000,1920x1080,122,0,0,122,24,26,19,26,23.663,0.832
P06_12,P06,193.944,3.232,59.940,1920x1080,0,30,0,30,14,10,11,9,9.281,0.442
P06_13,P06,240.373,4.006,59.940,1920x1080,0,63,0,63,22,15,13,15,15.726,0.902
P06_14,P06,100.717,1.679,59.940,1920x1080,0,32,0,32,9,11,8,11,19.063,0.764
P07_01,P07,109.126,1.819,59.940,1920x1080,15,0,0,15,10,10,7,9,8.247,0.557
P07_02,P07,111.895,1.865,59.940,1920x1080,15,0,0,15,6,5,4,4,8.043,0.912
P07_03,P07,262.729,4.379,59.940,1920x1080,31,0,0,31,15,10,11,10,7.080,0.917
P07_04,P07,825.208,13.753,59.940,1920x1080,154,0,0,154,38,38,22,32,11.197,0.626
P07_05,P07,209.559,3.493,59.940,1920x1080,34,0,0,34,9,9,7,8,9.735,0.651
P07_06,P07,140.907,2.348,59.940,1920x1080,29,0,0,29,10,10,9,10,12.349,0.701
P07_07,P07,331.414,5.524,59.940,1920x1080,53,0,0,53,14,15,11,15,9.595,0.320
P07_08,P07,173.040,2.884,59.940,1920x1080,25,0,0,25,12,12,10,11,8.669,0.377
P07_09,P07,339.823,5.664,59.940,1920x1080,46,0,0,46,16,10,14,8,8.122,0.497
P07_10,P07,2060.377,34.340,59.940,1920x1080,330,0,0,330,40,48,27,40,9.610,0.550
P07_101,P07,481.100,8.018,50.000,1920x1080,81,0,0,81,17,22,14,22,10.102,0.603
P07_102,P07,205.200,3.420,50.000,1920x1080,60,0,0,60,10,14,8,14,17.544,0.800
P07_103,P07,49.300,0.822,50.000,1920x1080,18,0,0,18,8,8,6,8,21.907,0.577
P07_104,P07,96.980,1.616,50.000,1920x1080,0,0,38,0,0,0,0,0,0.000,0.000
P07_105,P07,46.560,0.776,50.000,1920x1080,0,0,21,0,0,0,0,0,0.000,0.000
P07_106,P07,16.200,0.270,50.000,1920x1080,5,0,0,5,4,3,4,3,18.519,0.302
P07_107,P07,175.960,2.933,50.000,1920x1080,61,0,0,61,16,17,13,17,20.800,0.872
P07_108,P07,306.020,5.100,50.000,1920x1080,0,0,77,0,0,0,0,0,0.000,0.000
P07_109,P07,144.720,2.412,50.000,1920x1080,0,0,39,0,0,0,0,0,0.000,0.000
P07_11,P07,223.256,3.721,59.940,1920x1080,28,0,0,28,11,11,10,11,7.525,0.737
P07_110,P07,260.260,4.338,50.000,1920x1080,85,0,0,85,20,28,16,27,19.596,0.802
P07_111,P07,130.100,2.168,50.000,1920x1080,52,0,0,52,15,14,14,13,23.982,0.846
P07_112,P07,87.340,1.456,50.000,1920x1080,20,0,0,20,9,9,8,9,13.739,0.628
P07_113,P07,524.420,8.740,50.000,1920x1080,171,0,0,171,33,37,23,33,19.564,0.746
P07_114,P07,184.840,3.081,50.000,1920x1080,44,0,0,44,14,13,12,13,14.283,0.592
P07_115,P07,212.400,3.540,50.000,1920x1080,66,0,0,66,20,28,17,27,18.644,0.624
P07_116,P07,86.740,1.446,50.000,1920x1080,31,0,0,31,12,15,9,14,21.443,0.774
P07_117,P07,373.820,6.230,50.000,1920x1080,131,0,0,131,21,26,18,26,21.026,0.874
P07_12,P07,236.019,3.934,59.940,1920x1080,0,43,0,43,9,9,8,9,10.931,0.635
P07_13,P07,60.661,1.011,59.940,1920x1080,0,15,0,15,5,9,5,7,14.837,0.372
P07_14,P07,257.007,4.283,59.940,1920x1080,0,43,0,43,17,16,11,14,10.039,0.426
P07_15,P07,113.347,1.889,59.940,1920x1080,0,17,0,17,9,7,8,7,8.999,0.730
P07_16,P07,163.063,2.718,59.940,1920x1080,0,29,0,29,15,13,13,13,10.671,0.593
P07_17,P07,132.933,2.216,59.940,1920x1080,0,26,0,26,14,8,13,7,11.735,0.770
P07_18,P07,40.557,0.676,59.940,1920x1080,0,14,0,14,7,5,6,5,20.711,0.688
P08_01,P08,615.448,10.257,59.940,1920x1080,156,0,0,156,30,47,19,40,15.208,0.770
P08_02,P08,107.424,1.790,59.940,1920x1080,34,0,0,34,17,19,12,17,18.990,0.873
P08_03,P08,149.966,2.499,59.940,1920x1080,34,0,0,34,16,19,12,15,13.603,0.843
P08_04,P08,205.222,3.420,59.940,1920x1080,66,0,0,66,12,20,10,17,19.296,0.880
P08_05,P08,1753.769,29.229,59.940,1920x1080,371,0,0,371,67,101,35,65,12.693,0.803
P08_06,P08,486.636,8.111,59.940,1920x1080,122,0,0,122,30,39,17,35,15.042,0.828
P08_07,P08,24.007,0.400,59.940,1920x1080,9,0,0,9,7,5,6,5,22.493,0.853
P08_08,P08,144.328,2.405,59.940,1920x1080,36,0,0,36,17,22,13,17,14.966,0.751
P08_09,P08,620.487,10.341,59.940,1920x1080,0,147,0,147,40,42,26,36,14.215,0.812
P08_10,P08,242.426,4.040,59.940,1920x1080,0,63,0,63,26,25,15,22,15.592,0.871
P08_11,P08,195.445,3.257,59.940,1920x1080,51,0,0,51,19,21,15,15,15.657,0.838
P08_12,P08,33.734,0.562,59.940,1920x1080,8,0,0,8,8,7,8,5,14.229,0.673
P08_13,P08,24.174,0.403,59.940,1920x1080,4,0,0,4,4,4,3,4,9.928,0.630
P08_14,P08,151.918,2.532,59.940,1920x1080,0,43,0,43,22,21,16,19,16.983,0.865
P08_15,P08,563.313,9.389,59.940,1920x1080,0,133,0,133,39,47,23,34,14.166,0.864
P08_16,P08,589.122,9.819,59.940,1920x1080,0,120,0,120,41,37,26,34,12.222,0.790
P08_17,P08,586.102,9.768,59.940,1920x1080,0,120,0,120,32,42,23,33,12.285,0.769
P08_18,P08,499.649,8.327,59.940,1920x1080,113,0,0,113,26,36,17,31,13.570,0.828
P08_19,P08,137.587,2.293,59.940,1920x1080,25,0,0,25,16,19,15,15,10.902,0.491
P08_20,P08,207.474,3.458,59.940,1920x1080,40,0,0,40,17,15,11,13,11.568,0.773
P08_21,P08,1406.773,23.446,59.940,1920x1080,341,0,0,341,62,87,32,60,14.544,0.850
P08_22,P08,129.262,2.154,59.940,1920x1080,37,0,0,37,11,16,9,14,17.174,0.761
P08_23,P08,1530.797,25.513,59.940,1920x1080,294,0,0,294,43,66,23,43,11.523,0.853
P08_24,P08,573.807,9.563,59.940,1920x1080,117,0,0,117,28,36,20,32,12.234,0.822
P08_25,P08,21.622,0.360,59.940,1920x1080,7,0,0,7,4,5,4,5,19.425,0.584
P08_26,P08,409.242,6.821,59.940,1920x1080,103,0,0,103,16,38,13,32,15.101,0.774
P08_27,P08,186.136,3.102,59.940,1920x1080,41,0,0,41,16,21,13,19,13.216,0.866
P08_28,P08,34.117,0.569,59.940,1920x1080,15,0,0,15,7,8,7,8,26.379,0.811
P09_01,P09,14.231,0.237,59.940,1920x1080,3,0,0,3,1,3,1,3,12.649,0.347
P09_02,P09,369.686,6.161,59.940,1920x1080,68,0,0,68,18,29,14,24,11.036,0.638
P09_03,P09,146.246,2.437,59.940,1920x1080,34,0,0,34,10,11,7,10,13.949,0.807
P09_04,P09,102.169,1.703,59.940,1920x1080,19,0,0,19,8,12,8,10,11.158,0.601
P09_05,P09,267.684,4.461,59.940,1920x1080,50,0,0,50,16,21,14,20,11.207,0.611
P09_06,P09,403.920,6.732,59.940,1920x1080,69,0,0,69,17,17,14,15,10.250,0.830
P09_07,P09,55.222,0.920,29.970,1920x1080,0,17,0,17,4,3,4,3,18.471,0.866
P09_08,P09,126.460,2.108,29.970,1920x1080,0,27,0,27,9,11,6,8,12.810,0.609
P09_101,P09,458.200,7.637,50.000,1920x1080,0,0,34,0,0,0,0,0,0.000,0.000
P09_102,P09,355.980,5.933,50.000,1920x1080,0,0,45,0,0,0,0,0,0.000,0.000
P09_103,P09,743.600,12.393,50.000,1920x1080,44,0,0,44,20,16,13,14,3.550,0.660
P09_104,P09,553.860,9.231,50.000,1920x1080,85,0,0,85,26,26,18,25,9.208,0.712
P09_105,P09,133.800,2.230,50.000,1920x1080,36,0,0,36,12,11,10,10,16.143,0.566
P09_106,P09,149.360,2.489,50.000,1920x1080,27,0,0,27,12,15,12,14,10.846,0.878
P10_01,P10,912.662,15.211,59.940,1920x1080,123,0,0,123,38,47,22,36,8.086,0.655
P10_02,P10,1222.707,20.378,59.940,1920x1080,150,0,0,150,45,59,25,41,7.361,0.666
P10_03,P10,1842.443,30.707,59.940,1920x1080,0,235,0,235,43,79,23,52,7.653,0.689
P10_04,P10,3359.876,55.998,29.970,1920x1080,506,0,0,506,72,124,35,64,9.036,0.770
P11_01,P11,181.615,3.027,59.940,1920x1080,76,0,0,76,17,16,9,14,25.108,0.992
P11_02,P11,36.086,0.601,59.940,1920x1080,22,0,0,22,9,9,8,7,36.579,0.762
P11_03,P11,136.570,2.276,59.940,1920x1080,51,0,0,51,22,23,15,18,22.406,0.774
P11_04,P11,288.755,4.813,59.940,1920x1080,118,0,0,118,23,18,14,12,24.519,0.983
P11_05,P11,1821.437,30.357,59.940,1920x1080,412,0,0,412,58,49,30,43,13.572,0.852
P11_06,P11,38.388,0.640,59.940,1920x1080,16,0,0,16,9,7,7,7,25.008,0.663
P11_07,P11,26.526,0.442,59.940,1920x1080,12,0,0,12,9,5,8,5,27.143,0.950
P11_08,P11,59.760,0.996,59.940,1920x1080,30,0,0,30,12,12,10,12,30.121,0.817
P11_09,P11,347.214,5.787,59.940,1920x1080,42,0,0,42,21,24,13,18,7.258,0.438
P11_10,P11,21.355,0.356,59.940,1920x1080,6,0,0,6,6,4,5,4,16.858,0.624
P11_101,P11,184.080,3.068,50.000,1920x1080,41,0,0,41,15,13,14,11,13.364,0.815
P11_102,P11,343.520,5.725,50.000,1920x1080,80,0,0,80,20,22,17,20,13.973,0.805
P11_103,P11,226.860,3.781,50.000,1920x1080,74,0,0,74,28,24,17,22,19.572,0.622
P11_104,P11,861.720,14.362,50.000,1920x1080,199,0,0,199,45,42,25,37,13.856,0.675
P11_105,P11,333.660,5.561,50.000,1920x1080,84,0,0,84,18,19,14,18,15.105,0.754
P11_106,P11,748.200,12.470,50.000,1920x1080,0,0,222,0,0,0,0,0,0.000,0.000
P11_107,P11,125.720,2.095,50.000,1920x1080,32,0,0,32,11,15,10,13,15.272,0.645
P11_108,P11,36.360,0.606,50.000,1920x1080,0,0,19,0,0,0,0,0,0.000,0.000
P11_109,P11,213.780,3.563,50.000,1920x1080,120,0,0,120,19,23,12,18,33.679,0.756
P11_11,P11,66.333,1.106,59.940,1920x1080,25,0,0,25,15,10,11,10,22.613,0.812
P11_12,P11,50.033,0.834,59.940,1920x1080,16,0,0,16,10,6,8,5,19.187,0.988
P11_13,P11,63.130,1.052,59.940,1920x1080,24,0,0,24,10,7,8,7,22.810,0.661
P11_14,P11,27.461,0.458,59.940,1920x1080,11,0,0,11,8,4,7,4,24.034,1.279
P11_15,P11,490.573,8.176,59.940,1920x1080,109,0,0,109,31,34,21,27,13.331,0.620
P11_16,P11,353.870,5.898,59.940,1920x1080,86,0,0,86,28,32,19,26,14.582,0.949
P11_17,P11,521.454,8.691,59.940,1920x1080,0,147,0,147,34,24,21,20,16.914,1.001
P11_18,P11,37.921,0.632,59.940,1920x1080,0,18,0,18,7,7,6,7,28.480,0.914
P11_19,P11,85.319,1.422,59.940,1920x1080,0,34,0,34,11,9,8,8,23.910,0.705
P11_20,P11,559.559,9.326,59.940,1920x1080,0,195,0,195,38,50,25,35,20.909,0.840
P11_21,P11,30.614,0.510,59.940,1920x1080,0,11,0,11,9,6,8,6,21.559,0.749
P11_22,P11,235.252,3.921,59.940,1920x1080,0,73,0,73,22,20,14,20,18.618,0.839
P11_23,P11,62.829,1.047,59.940,1920x1080,0,21,0,21,10,8,8,8,20.054,0.792
P11_24,P11,83.567,1.393,59.940,1920x1080,0,24,0,24,9,10,7,9,17.232,0.703
P12_01,P12,411.728,6.862,59.940,1280x720,67,0,0,67,19,22,13,22,9.764,0.698
P12_02,P12,1853.953,30.899,59.940,1280x720,190,0,0,190,31,48,23,41,6.149,0.722
P12_03,P12,1465.865,24.431,59.940,1280x720,0,111,0,111,39,35,24,30,4.543,0.675
P12_04,P12,1912.278,31.871,59.940,1280x720,113,0,0,113,28,38,21,28,3.546,0.629
P12_05,P12,60.360,1.006,59.940,1920x1440,5,0,0,5,5,3,5,3,4.970,0.419
P12_06,P12,170.053,2.834,59.940,1920x1440,28,0,0,28,11,18,10,16,9.879,0.576
P12_07,P12,784.584,13.076,59.940,1920x1080,37,0,0,37,15,26,12,21,2.830,0.591
P12_08,P12,222.322,3.705,59.940,1920x1080,0,26,0,26,13,17,11,15,7.017,0.759
P12_101,P12,2045.860,34.098,50.000,1920x1080,501,0,0,501,57,74,27,43,14.693,0.794
P12_102,P12,1190.280,19.838,50.000,1920x1080,0,0,293,0,0,0,0,0,0.000,0.000
P12_103,P12,640.920,10.682,50.000,1920x1080,137,0,0,137,32,32,21,25,12.825,0.814
P12_104,P12,1136.800,18.947,50.000,1920x1080,292,0,0,292,45,52,23,41,15.412,0.728
P12_105,P12,319.620,5.327,50.000,1920x1080,72,0,0,72,17,8,13,8,13.516,0.648
P13_01,P13,553.920,9.232,59.940,1920x1080,0,49,0,49,14,18,11,17,5.308,0.758
P13_02,P13,69.152,1.153,59.940,1920x1080,0,10,0,10,6,5,6,5,8.676,0.612
P13_03,P13,350.233,5.837,59.940,1920x1080,0,48,0,48,12,17,10,17,8.223,0.643
P13_04,P13,248.098,4.135,59.940,1920x1080,47,0,0,47,10,18,8,15,11.366,0.484
P13_05,P13,397.814,6.630,59.940,1920x1080,36,0,0,36,12,18,11,16,5.430,0.601
P13_06,P13,111.395,1.857,59.940,1920x1080,22,0,0,22,8,10,7,8,11.850,0.588
P13_07,P13,162.162,2.703,59.940,1920x1080,25,0,0,25,12,9,9,9,9.250,0.473
P13_08,P13,2465.113,41.085,59.940,1920x1080,186,0,0,186,32,37,19,29,4.527,0.569
P13_09,P13,540.957,9.016,59.940,1920x1080,57,0,0,57,16,18,13,17,6.322,0.560
P13_10,P13,176.626,2.944,59.940,1920x1080,29,0,0,29,12,14,7,12,9.851,0.327
P14_01,P14,104.304,1.738,59.940,1920x1080,17,0,0,17,10,12,7,12,9.779,0.654
P14_02,P14,32.282,0.538,59.940,1920x1080,8,0,0,8,4,5,4,5,14.869,0.512
P14_03,P14,20.003,0.333,59.940,1920x1080,2,0,0,2,2,1,2,1,5.999,0.272
P14_04,P14,140.791,2.347,59.940,1920x1080,22,0,0,22,9,8,7,7,9.376,0.526
P14_05,P14,71.154,1.186,59.940,1920x1080,13,0,0,13,6,6,5,5,10.962,0.621
P14_06,P14,64.548,1.076,59.940,1920x1080,0,13,0,13,6,5,6,5,12.084,0.690
P14_07,P14,90.274,1.505,59.940,1920x1080,12,0,0,12,6,4,5,4,7.976,0.691
P14_08,P14,398.031,6.634,59.940,1920x1080,0,33,0,33,12,15,10,14,4.974,0.400
P14_09,P14,253.253,4.221,59.940,1920x1080,36,0,0,36,9,10,8,10,8.529,0.496
P15_01,P15,46.880,0.781,59.940,1920x1080,9,0,0,9,4,7,4,7,11.519,0.503
P15_02,P15,695.194,11.587,59.940,1920x1080,62,0,0,62,23,26,17,24,5.351,0.556
P15_03,P15,330.263,5.504,59.940,1920x1080,43,0,0,43,18,15,15,15,7.812,0.677
P15_04,P15,471.204,7.853,59.940,1920x1080,0,37,0,37,16,19,12,17,4.711,0.618
P15_05,P15,105.372,1.756,59.940,1920x1080,0,14,0,14,10,8,9,7,7.972,0.662
P15_06,P15,503.503,8.392,59.940,1920x1080,0,64,0,64,23,27,16,23,7.627,0.665
P15_07,P15,207.140,3.452,59.940,1920x1080,12,0,0,12,8,6,6,6,3.476,0.366
P15_08,P15,552.569,9.209,59.940,1920x1080,89,0,0,89,15,19,11,19,9.664,0.665
P15_09,P15,386.286,6.438,59.940,1920x1080,24,0,0,24,11,13,10,12,3.728,0.754
P15_10,P15,197.497,3.292,59.940,1920x1080,21,0,0,21,9,12,9,8,6.380,0.638
P15_11,P15,27.511,0.459,59.940,1920x1080,3,0,0,3,3,3,3,3,6.543,0.824
P15_12,P15,61.378,1.023,59.940,1920x1080,5,0,0,5,4,3,3,3,4.888,0.643
P15_13,P15,963.012,16.050,59.940,1920x1080,77,0,0,77,21,24,13,22,4.797,0.475
P16_01,P16,1243.092,20.718,59.940,1920x1080,81,0,0,81,23,18,19,16,3.910,0.428
P16_02,P16,55.706,0.928,59.940,1920x1080,8,0,0,8,5,4,5,4,8.617,0.693
P16_03,P16,213.196,3.553,59.940,1920x1080,14,0,0,14,4,5,4,5,3.940,0.669
P16_04,P16,929.829,15.497,59.940,1920x1080,0,57,0,57,15,15,14,15,3.678,0.692
P17_01,P17,156.239,2.604,47.952,1920x1080,16,0,0,16,11,12,10,11,6.144,0.536
P17_02,P17,545.774,9.096,47.952,1920x1080,0,27,0,27,14,13,12,13,2.968,0.460
P17_03,P17,977.351,16.289,47.952,1920x1080,28,0,0,28,15,13,13,13,1.719,0.582
P17_04,P17,1064.084,17.735,47.952,1920x1080,45,0,0,45,19,15,12,15,2.537,0.179
P18_01,P18,166.433,2.774,59.940,1920x1080,0,43,0,43,15,18,11,15,15.502,0.623
P18_02,P18,190.390,3.173,29.970,1920x1080,0,27,0,27,15,16,13,15,8.509,0.864
P18_03,P18,427.427,7.124,59.940,1920x1080,0,113,0,113,27,40,18,30,15.862,0.793
P18_04,P18,203.770,3.396,59.940,1920x1080,0,38,0,38,13,13,10,13,11.189,0.895
P18_05,P18,594.244,9.904,59.940,1920x1080,0,135,0,135,28,46,18,38,13.631,0.813
P18_06,P18,416.333,6.939,59.940,1920x1080,0,91,0,91,20,26,15,21,13.115,0.692
P18_07,P18,240.073,4.001,59.940,1920x1080,0,53,0,53,16,22,13,21,13.246,0.879
P18_08,P18,66.500,1.108,59.940,1920x1080,0,19,0,19,12,10,10,8,17.143,0.700
P18_09,P18,276.811,4.614,90.000,1920x1080,0,42,0,42,17,20,14,17,9.104,0.709
P18_10,P18,144.795,2.413,59.940,1920x1080,0,46,0,46,14,15,11,13,19.061,0.870
P18_11,P18,410.176,6.836,59.940,1920x1080,0,98,0,98,21,30,16,25,14.335,0.889
P18_12,P18,207.908,3.465,59.940,1920x1080,0,34,0,34,14,13,11,13,9.812,0.901
P19_01,P19,780.663,13.011,59.940,1920x1080,84,0,0,84,20,25,17,24,6.456,0.820
P19_02,P19,73.507,1.225,59.940,1920x1080,5,0,0,5,4,2,4,2,4.081,0.636
P19_03,P19,136.269,2.271,59.940,1920x1080,25,0,0,25,9,8,9,8,11.008,1.177
P19_04,P19,914.113,15.235,59.940,1920x1080,93,0,0,93,25,26,17,23,6.104,0.740
P19_05,P19,79.346,1.322,59.940,1920x1080,0,13,0,13,8,8,7,8,9.830,0.612
P19_06,P19,233.583,3.893,59.940,1920x1080,0,30,0,30,9,7,8,7,7.706,1.009
P20_01,P20,1378.478,22.975,59.940,1920x1080,353,0,0,353,40,39,25,35,15.365,0.928
P20_02,P20,428.194,7.137,59.940,1920x1080,116,0,0,116,18,17,13,16,16.254,0.969
P20_03,P20,213.063,3.551,59.940,1920x1080,58,0,0,58,15,20,11,15,16.333,0.837
P20_04,P20,2251.099,37.518,59.940,1920x1080,395,0,0,395,50,56,30,39,10.528,0.776
P20_05,P20,467.150,7.786,59.940,1920x1080,0,126,0,126,16,17,11,16,16.183,0.824
P20_06,P20,272.672,4.545,59.940,1920x1080,0,70,0,70,19,25,12,22,15.403,0.822
P20_07,P20,101.318,1.689,59.940,1920x1080,0,26,0,26,9,8,6,7,15.397,0.777
P21_01,P21,692.942,11.549,59.940,1920x1080,97,0,0,97,35,46,20,34,8.399,0.743
P21_02,P21,490.607,8.177,59.940,1920x1080,0,60,0,60,28,26,18,24,7.338,0.810
P21_03,P21,585.969,9.766,59.940,1920x1080,75,0,0,75,28,30,18,26,7.680,0.784
P21_04,P21,569.252,9.488,59.940,1920x1080,73,0,0,73,29,29,22,26,7.694,0.801
P22_01,P22,1091.293,18.188,59.940,1920x1080,0,350,0,350,39,61,24,44,19.243,0.808
P22_02,P22,508.742,8.479,59.940,1920x1080,0,217,0,217,26,43,19,31,25.593,0.967
P22_03,P22,1187.971,19.800,59.940,1920x1080,0,484,0,484,37,61,23,38,24.445,0.984
P22_04,P22,389.072,6.485,59.940,1920x1080,0,179,0,179,25,35,17,27,27.604,0.897
P22_05,P22,1236.052,20.601,59.940,1920x1080,492,0,0,492,45,67,27,52,23.882,0.986
P22_06,P22,444.611,7.410,59.940,1920x1080,189,0,0,189,22,36,16,30,25.505,0.989
P22_07,P22,2180.612,36.344,59.940,1920x1080,742,0,0,742,46,100,26,65,20.416,0.872
P22_08,P22,921.154,15.353,59.940,1920x1080,385,0,0,385,34,66,23,44,25.077,0.940
P22_09,P22,426.826,7.114,59.940,1920x1080,191,0,0,191,28,45,17,35,26.849,1.010
P22_10,P22,961.744,16.029,59.940,1920x1080,429,0,0,429,37,61,23,41,26.764,0.948
P22_101,P22,366.880,6.115,50.000,1920x1080,164,0,0,164,19,25,17,23,26.821,0.860
P22_102,P22,230.160,3.836,50.000,1920x1080,139,0,0,139,20,19,16,15,36.236,0.924
P22_103,P22,793.840,13.231,50.000,1920x1080,400,0,0,400,22,43,18,37,30.233,0.859
P22_104,P22,631.340,10.522,50.000,1920x1080,196,0,0,196,16,32,14,32,18.627,0.663
P22_105,P22,68.940,1.149,50.000,1920x1080,17,0,0,17,8,7,8,7,14.795,0.580
P22_106,P22,511.740,8.529,50.000,1920x1080,312,0,0,312,24,43,20,37,36.581,0.925
P22_107,P22,581.020,9.684,50.000,1920x1080,242,0,0,242,23,37,19,32,24.991,0.823
P22_108,P22,217.180,3.620,50.000,1920x1080,105,0,0,105,18,19,14,17,29.008,0.920
P22_109,P22,2008.800,33.480,50.000,1920x1080,817,0,0,817,30,53,25,41,24.403,0.854
P22_11,P22,427.010,7.117,59.940,1920x1080,196,0,0,196,27,45,19,32,27.540,0.889
P22_110,P22,405.340,6.756,50.000,1920x1080,212,0,0,212,18,31,13,28,31.381,0.887
P22_111,P22,1548.020,25.800,50.000,1920x1080,672,0,0,672,32,55,24,47,26.046,0.808
P22_112,P22,394.220,6.570,50.000,1920x1080,172,0,0,172,19,31,17,31,26.178,0.839
P22_113,P22,682.320,11.372,50.000,1920x1080,327,0,0,327,27,51,22,46,28.755,0.794
P22_114,P22,1774.680,29.578,50.000,1920x1080,0,0,745,0,0,0,0,0,0.000,0.000
P22_115,P22,494.120,8.235,50.000,1920x1080,247,0,0,247,21,32,17,31,29.993,0.774
P22_116,P22,496.140,8.269,50.000,1920x1080,223,0,0,223,21,33,17,30,26.968,0.847
P22_117,P22,971.820,16.197,50.000,1920x1080,439,0,0,439,28,48,24,43,27.104,0.836
P22_12,P22,685.552,11.426,59.940,1920x1080,289,0,0,289,33,50,22,36,25.294,0.924
P22_13,P22,500.417,8.340,59.940,1920x1080,246,0,0,246,29,40,18,30,29.495,0.979
P22_14,P22,703.469,11.724,59.940,1920x1080,291,0,0,291,31,58,19,37,24.820,0.931
P22_15,P22,609.008,10.150,59.940,1920x1080,280,0,0,280,28,56,17,39,27.586,0.923
P22_16,P22,1461.679,24.361,59.940,1920x1080,528,0,0,528,36,81,22,60,21.674,0.852
P22_17,P22,1303.903,21.732,59.940,1920x1080,560,0,0,560,38,69,21,49,25.769,0.932
P23_01,P23,91.842,1.531,59.940,1920x1080,14,0,0,14,11,8,9,7,9.146,0.907
P23_02,P23,1668.234,27.804,59.940,1920x1080,203,0,0,203,34,50,16,41,7.301,0.763
P23_03,P23,363.930,6.066,59.940,1920x1080,44,0,0,44,18,17,11,16,7.254,0.758
P23_04,P23,2247.429,37.457,59.940,1920x1080,188,0,0,188,33,45,14,38,5.019,0.674
P23_05,P23,1168.902,19.482,59.940,1920x1080,0,104,0,104,24,38,14,33,5.338,0.614
P23_101,P23,1746.100,29.102,50.000,1920x1080,353,0,0,353,20,42,16,35,12.130,0.927
P23_102,P23,3569.520,59.492,50.000,1920x1080,629,0,0,629,20,46,17,43,10.573,0.733
P23_103,P23,2099.400,34.990,50.000,1920x1080,0,0,360,0,0,0,0,0,0.000,0.000
P24_01,P24,725.241,12.087,59.940,1920x1080,95,0,0,95,29,32,21,25,7.859,0.576
P24_02,P24,812.061,13.534,59.940,1920x1080,155,0,0,155,37,33,19,25,11.452,0.682
P24_03,P24,489.539,8.159,59.940,1920x1080,120,0,0,120,17,20,11,18,14.708,0.885
P24_04,P24,493.810,8.230,59.940,1920x1080,122,0,0,122,26,25,15,20,14.824,0.851
P24_05,P24,1600.902,26.682,59.940,1920x1080,314,0,0,314,46,53,23,36,11.768,0.725
P24_06,P24,566.299,9.438,59.940,1920x1080,103,0,0,103,16,20,9,16,10.913,0.833
P24_07,P24,911.477,15.191,59.940,1920x1080,187,0,0,187,32,40,17,33,12.310,0.834
P24_08,P24,1512.880,25.215,59.940,1920x1080,361,0,0,361,43,65,19,41,14.317,0.803
P24_09,P24,1968.601,32.810,59.940,1920x1080,0,347,0,347,42,57,22,38,10.576,0.781
P25_01,P25,115.115,1.919,59.940,1920x1080,16,0,0,16,7,8,7,8,8.339,0.416
P25_02,P25,253.620,4.227,59.940,1920x1080,33,0,0,33,11,13,8,13,7.807,0.694
P25_03,P25,181.681,3.028,59.940,1920x1080,15,0,0,15,9,8,9,7,4.954,0.630
P25_04,P25,594.227,9.904,59.940,1920x1080,65,0,0,65,14,19,10,16,6.563,0.737
P25_05,P25,1491.744,24.862,59.940,1920x1080,152,0,0,152,23,30,14,27,6.114,0.563
P25_06,P25,207.290,3.455,59.940,1920x1080,0,34,0,34,13,16,10,16,9.841,0.514
P25_07,P25,275.258,4.588,59.940,1920x1080,0,41,0,41,14,16,11,16,8.937,0.640
P25_08,P25,160.344,2.672,59.940,1920x1080,0,22,0,22,13,13,10,13,8.232,0.680
P25_09,P25,876.292,14.605,59.940,1920x1080,119,0,0,119,25,25,17,25,8.148,0.726
P25_10,P25,374.624,6.244,59.940,1920x1080,39,0,0,39,13,12,10,12,6.246,0.597
P25_101,P25,435.860,7.264,50.000,1920x1080,127,0,0,127,20,17,17,17,17.483,0.680
P25_102,P25,497.780,8.296,50.000,1920x1080,132,0,0,132,14,24,11,22,15.911,0.735
P25_103,P25,495.440,8.257,50.000,1920x1080,112,0,0,112,20,20,17,20,13.564,0.682
P25_104,P25,810.120,13.502,50.000,1920x1080,263,0,0,263,17,28,14,24,19.479,0.794
P25_105,P25,1547.620,25.794,50.000,1920x1080,0,0,437,0,0,0,0,0,0.000,0.000
P25_106,P25,1619.820,26.997,50.000,1920x1080,301,0,0,301,21,36,17,32,11.149,0.705
P25_107,P25,2212.960,36.883,50.000,1920x1080,510,0,0,510,24,19,19,18,13.828,0.750
P25_11,P25,378.378,6.306,59.940,1920x1080,56,0,0,56,16,18,11,17,8.880,0.582
P25_12,P25,96.046,1.601,59.940,1920x1080,17,0,0,17,6,8,6,8,10.620,0.696
P26_01,P26,79.713,1.329,59.940,1920x1080,25,0,0,25,9,11,7,10,18.818,0.725
P26_02,P26,464.698,7.745,59.940,1920x1080,94,0,0,94,23,19,16,17,12.137,0.547
P26_03,P26,312.496,5.208,59.940,1920x1080,58,0,0,58,12,16,7,12,11.136,0.558
P26_04,P26,145.462,2.424,59.940,1920x1080,39,0,0,39,11,14,8,14,16.087,0.680
P26_05,P26,45.445,0.757,59.940,1920x1080,11,0,0,11,6,7,5,7,14.523,0.699
P26_06,P26,27.277,0.455,59.940,1920x1080,6,0,0,6,5,4,5,4,13.198,0.715
P26_07,P26,24.374,0.406,59.940,1920x1080,5,0,0,5,4,3,4,3,12.308,0.793
P26_08,P26,51.685,0.861,59.940,1920x1080,9,0,0,9,5,5,5,5,10.448,0.791
P26_09,P26,122.155,2.036,59.940,1920x1080,26,0,0,26,12,10,9,10,12.771,0.766
P26_10,P26,134.067,2.234,59.940,1920x1080,32,0,0,32,10,16,8,15,14.321,0.685
P26_101,P26,100.220,1.670,50.000,1920x1080,24,0,0,24,7,8,5,8,14.368,0.655
P26_102,P26,181.960,3.033,50.000,1920x1080,35,0,0,35,9,13,8,11,11.541,0.836
P26_103,P26,599.460,9.991,50.000,1920x1080,157,0,0,157,16,14,12,13,15.714,0.862
P26_104,P26,690.020,11.500,50.000,1920x1080,171,0,0,171,23,33,19,27,14.869,0.832
P26_105,P26,490.160,8.169,50.000,1920x1080,171,0,0,171,15,34,13,28,20.932,0.789
P26_106,P26,88.480,1.475,50.000,1920x1080,22,0,0,22,7,9,7,9,14.919,0.776
P26_107,P26,163.600,2.727,50.000,1920x1080,28,0,0,28,9,10,8,10,10.269,0.663
P26_108,P26,195.720,3.262,50.000,1920x1080,36,0,0,36,10,11,9,10,11.036,0.713
P26_109,P26,25.820,0.430,50.000,1920x1080,7,0,0,7,4,5,4,5,16.266,0.507
P26_11,P26,98.148,1.636,59.940,1920x1080,24,0,0,24,6,11,4,11,14.672,0.456
P26_110,P26,264.740,4.412,50.000,1920x1080,86,0,0,86,15,19,13,18,19.491,0.713
P26_111,P26,172.220,2.870,50.000,1920x1080,41,0,0,41,10,10,9,9,14.284,0.909
P26_112,P26,397.500,6.625,50.000,1920x1080,125,0,0,125,12,17,9,15,18.868,0.917
P26_113,P26,68.880,1.148,50.000,1920x1080,17,0,0,17,7,8,5,8,14.808,0.511
P26_114,P26,57.540,0.959,50.000,1920x1080,13,0,0,13,5,5,5,5,13.556,0.683
P26_115,P26,206.420,3.440,50.000,1920x1080,67,0,0,67,10,22,9,21,19.475,0.690
P26_116,P26,200.260,3.338,50.000,1920x1080,67,0,0,67,10,22,10,19,20.074,0.876
P26_117,P26,712.460,11.874,50.000,1920x1080,132,0,0,132,11,19,10,17,11.116,0.591
P26_118,P26,414.160,6.903,50.000,1920x1080,97,0,0,97,12,16,9,15,14.053,0.744
P26_119,P26,694.680,11.578,50.000,1920x1080,147,0,0,147,15,26,13,24,12.696,0.880
P26_12,P26,18.652,0.311,59.940,1920x1080,6,0,0,6,5,4,5,4,19.301,0.581
P26_120,P26,197.800,3.297,50.000,1920x1080,0,0,53,0,0,0,0,0,0.000,0.000
P26_121,P26,113.800,1.897,50.000,1920x1080,0,0,33,0,0,0,0,0,0.000,0.000
P26_122,P26,305.680,5.095,50.000,1920x1080,0,0,73,0,0,0,0,0,0.000,0.000
P26_123,P26,469.800,7.830,50.000,1920x1080,0,0,58,0,0,0,0,0,0.000,0.000
P26_124,P26,774.240,12.904,50.000,1920x1080,216,0,0,216,18,37,14,32,16.739,0.862
P26_13,P26,123.223,2.054,59.940,1920x1080,27,0,0,27,12,10,6,9,13.147,0.656
P26_14,P26,32.432,0.541,59.940,1920x1080,2,0,0,2,2,2,2,2,3.700,0.253
P26_15,P26,35.769,0.596,59.940,1920x1080,8,0,0,8,6,5,6,5,13.419,0.886
P26_16,P26,65.082,1.085,59.940,1920x1080,13,0,0,13,9,7,8,6,11.985,0.799
P26_17,P26,66.400,1.107,59.940,1920x1080,12,0,0,12,5,6,3,6,10.843,0.777
P26_18,P26,448.131,7.469,59.940,1920x1080,45,0,0,45,13,16,7,11,6.025,0.744
P26_19,P26,471.988,7.866,59.940,1920x1080,91,0,0,91,16,22,8,18,11.568,0.751
P26_20,P26,37.504,0.625,59.940,1920x1080,8,0,0,8,6,4,5,4,12.799,0.561
P26_21,P26,465.465,7.758,59.940,1920x1080,89,0,0,89,22,29,15,23,11.472,0.669
P26_22,P26,140.207,2.337,59.940,1920x1080,22,0,0,22,10,9,6,8,9.415,0.800
P26_23,P26,85.552,1.426,59.940,1920x1080,14,0,0,14,9,7,7,7,9.819,0.675
P26_24,P26,58.425,0.974,59.940,1920x1080,9,0,0,9,5,7,5,7,9.243,0.808
P26_25,P26,39.339,0.656,59.940,1920x1080,2,0,0,2,1,2,1,2,3.050,0.296
P26_26,P26,70.370,1.173,59.940,1920x1080,10,0,0,10,6,6,6,6,8.526,0.805
P26_27,P26,27.995,0.467,59.940,1920x1080,1,0,0,1,1,1,1,1,2.143,0.091
P26_28,P26,131.982,2.200,59.940,1920x1080,30,0,0,30,14,11,9,11,13.638,0.830
P26_29,P26,55.472,0.925,59.940,1920x1080,13,0,0,13,7,8,7,8,14.061,0.624
P26_30,P26,15.282,0.255,59.940,1920x1080,0,3,0,3,3,3,3,3,11.779,0.575
P26_31,P26,90.040,1.501,59.940,1920x1080,0,18,0,18,8,9,7,5,11.995,0.509
P26_32,P26,81.765,1.363,59.940,1920x1080,0,15,0,15,7,8,7,8,11.007,0.382
P26_33,P26,38.105,0.635,59.940,1920x1080,0,5,0,5,5,4,5,4,7.873,0.459
P26_34,P26,107.057,1.784,59.940,1920x1080,0,12,0,12,10,7,10,6,6.725,0.830
P26_35,P26,164.398,2.740,59.940,1920x1080,0,34,0,34,13,15,11,11,12.409,0.622
P26_36,P26,209.893,3.498,59.940,1920x1080,0,39,0,39,15,13,11,13,11.149,0.802
P26_37,P26,63.030,1.050,59.940,1920x1080,0,12,0,12,9,6,9,6,11.423,0.811
P26_38,P26,58.125,0.969,59.940,1920x1080,0,9,0,9,5,5,5,5,9.290,0.948
P26_39,P26,56.757,0.946,59.940,1920x1080,0,10,0,10,4,6,4,6,10.571,0.865
P26_40,P26,69.686,1.161,59.940,1920x1080,0,15,0,15,10,7,9,7,12.915,0.807
P26_41,P26,116.750,1.946,59.940,1920x1080,0,24,0,24,12,10,9,10,12.334,0.704
P27_01,P27,282.149,4.702,59.940,1920x1080,42,0,0,42,11,16,8,14,8.931,0.559
P27_02,P27,181.365,3.023,59.940,1920x1080,14,0,0,14,8,10,7,8,4.632,0.783
P27_03,P27,97.998,1.633,59.940,1920x1080,18,0,0,18,7,10,6,9,11.021,0.519
P27_04,P27,331.214,5.520,59.940,1920x1080,50,0,0,50,12,25,9,20,9.058,0.504
P27_05,P27,615.415,10.257,59.940,1920x1080,0,64,0,64,14,31,10,22,6.240,0.553
P27_06,P27,899.365,14.989,59.940,1920x1080,92,0,0,92,14,28,9,22,6.138,0.358
P27_07,P27,954.020,15.900,59.940,1920x1080,92,0,0,92,14,29,9,27,5.786,0.367
P27_101,P27,1360.200,22.670,50.000,1920x1080,473,0,0,473,24,50,21,42,20.865,0.760
P27_102,P27,522.860,8.714,50.000,1920x1080,0,0,190,0,0,0,0,0,0.000,0.000
P27_103,P27,2448.560,40.809,50.000,1920x1080,668,0,0,668,37,72,31,58,16.369,0.765
P27_104,P27,1053.300,17.555,50.000,1920x1080,350,0,0,350,26,47,24,43,19.937,0.733
P27_105,P27,977.760,16.296,50.000,1920x1080,295,0,0,295,28,50,26,39,18.103,0.596
P28_01,P28,339.022,5.650,59.940,1920x1080,90,0,0,90,14,22,11,21,15.928,0.830
P28_02,P28,506.356,8.439,59.940,1920x1080,156,0,0,156,14,22,10,20,18.485,0.901
P28_03,P28,782.498,13.042,59.940,1920x1080,154,0,0,154,16,24,14,24,11.808,0.768
P28_04,P28,453.103,7.552,59.940,1920x1080,90,0,0,90,14,18,12,17,11.918,0.796
P28_05,P28,523.757,8.729,59.940,1920x1080,76,0,0,76,11,18,10,17,8.706,0.656
P28_06,P28,744.010,12.400,59.940,1920x1080,150,0,0,150,28,33,21,31,12.097,0.822
P28_07,P28,130.797,2.180,59.940,1920x1080,16,0,0,16,7,5,7,5,7.340,0.957
P28_08,P28,336.887,5.615,59.940,1920x1080,86,0,0,86,12,14,8,14,15.317,0.798
P28_09,P28,499.065,8.318,59.940,1920x1080,131,0,0,131,19,23,16,22,15.749,0.733
P28_10,P28,60.961,1.016,59.940,1920x1080,21,0,0,21,8,7,8,7,20.669,0.747
P28_101,P28,717.700,11.962,50.000,1920x1080,120,0,0,120,21,29,15,23,10.032,0.772
P28_102,P28,416.580,6.943,50.000,1920x1080,59,0,0,59,14,15,12,13,8.498,0.425
P28_103,P28,1825.160,30.419,50.000,1920x1080,295,0,0,295,29,46,21,41,9.698,0.706
P28_104,P28,719.340,11.989,50.000,1920x1080,207,0,0,207,23,34,18,34,17.266,0.737
P28_105,P28,571.740,9.529,50.000,1920x1080,120,0,0,120,17,20,15,19,12.593,0.796
P28_106,P28,197.880,3.298,50.000,1920x1080,46,0,0,46,10,21,10,21,13.948,0.622
P28_107,P28,48.860,0.814,50.000,1920x1080,7,0,0,7,4,3,4,3,8.596,0.179
P28_108,P28,413.300,6.888,50.000,1920x1080,67,0,0,67,16,20,14,18,9.727,0.779
P28_109,P28,216.040,3.601,50.000,1920x1080,56,0,0,56,10,18,10,17,15.553,0.612
P28_11,P28,328.261,5.471,59.940,1920x1080,57,0,0,57,12,16,12,15,10.419,0.588
P28_110,P28,135.660,2.261,50.000,1920x1080,34,0,0,34,10,7,8,4,15.038,0.686
P28_111,P28,764.100,12.735,50.000,1920x1080,236,0,0,236,22,36,19,32,18.532,0.837
P28_112,P28,357.560,5.959,50.000,1920x1080,118,0,0,118,17,22,13,16,19.801,0.806
P28_113,P28,537.820,8.964,50.000,1920x1080,150,0,0,150,14,35,13,33,16.734,0.652
P28_114,P28,535.120,8.919,50.000,1920x1080,0,0,145,0,0,0,0,0,0.000,0.000
P28_115,P28,858.000,14.300,50.000,1920x1080,0,0,151,0,0,0,0,0,0.000,0.000
P28_116,P28,576.660,9.611,50.000,1920x1080,0,0,108,0,0,0,0,0,0.000,0.000
P28_117,P28,533.960,8.899,50.000,1920x1080,0,0,165,0,0,0,0,0,0.000,0.000
P28_118,P28,329.160,5.486,50.000,1920x1080,0,0,115,0,0,0,0,0,0.000,0.000
P28_12,P28,27.044,0.451,59.940,1920x1080,7,0,0,7,5,3,5,3,15.530,0.577
P28_13,P28,149.883,2.498,59.940,1920x1080,34,0,0,34,12,11,12,10,13.611,0.667
P28_14,P28,278.895,4.648,59.940,1920x1080,85,0,0,85,16,24,12,23,18.286,0.876
P28_15,P28,92.960,1.549,59.940,1920x1080,0,32,0,32,8,11,8,11,20.654,0.758
P28_16,P28,313.380,5.223,59.940,1920x1080,0,57,0,57,11,11,9,9,10.913,0.976
P28_17,P28,62.446,1.041,59.940,1920x1080,0,16,0,16,7,8,7,8,15.373,0.611
P28_18,P28,120.270,2.005,59.940,1920x1080,0,26,0,26,10,12,9,9,12.971,1.003
P28_19,P28,89.923,1.499,59.940,1920x1080,0,20,0,20,11,10,11,9,13.345,0.776
P28_20,P28,122.189,2.036,59.940,1920x1080,0,25,0,25,8,4,7,4,12.276,0.654
P28_21,P28,61.261,1.021,59.940,1920x1080,0,14,0,14,6,8,6,8,13.712,0.958
P28_22,P28,146.797,2.447,59.940,1920x1080,0,26,0,26,9,7,9,7,10.627,0.728
P28_23,P28,25.158,0.419,59.940,1920x1080,0,6,0,6,6,4,6,3,14.309,0.408
P28_24,P28,68.252,1.138,59.940,1920x1080,0,16,0,16,8,6,6,5,14.066,1.191
P28_25,P28,396.880,6.615,59.940,1920x1080,0,133,0,133,10,10,10,10,20.107,0.803
P28_26,P28,101.568,1.693,59.940,1920x1080,0,31,0,31,7,12,6,12,18.313,0.593
P29_01,P29,1350.474,22.508,59.940,1920x1080,338,0,0,338,52,55,30,41,15.017,0.711
P29_02,P29,193.560,3.226,59.940,1920x1080,69,0,0,69,19,19,15,15,21.389,0.990
P29_03,P29,2074.673,34.578,59.940,1920x1080,526,0,0,526,59,78,30,56,15.212,0.842
P29_04,P29,179.613,2.994,59.940,1920x1080,56,0,0,56,19,25,14,19,18.707,0.828
P29_05,P29,1821.737,30.362,59.940,1920x1080,0,564,0,564,64,78,37,52,18.576,0.791
P29_06,P29,169.069,2.818,59.940,1920x1080,0,45,0,45,10,14,10,11,15.970,0.728
P30_01,P30,74.875,1.248,59.940,1920x1080,30,0,0,30,7,9,6,9,24.040,0.388
P30_02,P30,237.721,3.962,59.940,1920x1080,45,0,0,45,12,21,8,18,11.358,0.647
P30_03,P30,521.204,8.687,59.940,1920x1080,146,0,0,146,33,43,22,35,16.807,0.864
P30_04,P30,710.043,11.834,59.940,1920x1080,174,0,0,174,20,35,16,21,14.703,0.757
P30_05,P30,3261.993,54.367,59.940,1920x1080,749,0,0,749,61,96,37,62,13.777,0.815
P30_06,P30,401.351,6.689,59.940,1920x1080,144,0,0,144,20,36,17,34,21.527,0.989
P30_07,P30,305.438,5.091,59.940,1920x1080,0,106,0,106,26,35,19,29,20.823,0.856
P30_08,P30,1122.140,18.702,59.940,1920x1080,0,331,0,331,43,60,23,41,17.698,0.760
P30_09,P30,433.733,7.229,59.940,1920x1080,0,170,0,170,24,38,19,30,23.517,0.948
P30_10,P30,792.558,13.209,59.940,1920x1080,254,0,0,254,29,42,21,36,19.229,1.035
P30_101,P30,628.640,10.477,50.000,1920x1080,284,0,0,284,38,39,26,31,27.106,0.850
P30_102,P30,1275.720,21.262,50.000,1920x1080,0,0,579,0,0,0,0,0,0.000,0.000
P30_103,P30,184.360,3.073,50.000,1920x1080,86,0,0,86,22,27,16,21,27.989,0.811
P30_104,P30,317.540,5.292,50.000,1920x1080,140,0,0,140,26,29,18,25,26.453,0.965
P30_105,P30,105.520,1.759,50.000,1920x1080,0,0,49,0,0,0,0,0,0.000,0.000
P30_106,P30,249.640,4.161,50.000,1920x1080,0,0,73,0,0,0,0,0,0.000,0.000
P30_107,P30,2994.160,49.903,50.000,1920x1080,926,0,0,926,84,127,41,67,18.556,0.899
P30_108,P30,575.300,9.588,50.000,1920x1080,219,0,0,219,34,34,22,31,22.840,0.770
P30_109,P30,418.160,6.969,50.000,1920x1080,197,0,0,197,35,55,22,43,28.267,0.773
P30_11,P30,344.611,5.744,59.940,1920x1080,113,0,0,113,19,26,14,24,19.674,0.972
P30_110,P30,260.100,4.335,50.000,1920x1080,123,0,0,123,27,38,20,28,28.374,0.803
P30_111,P30,1840.260,30.671,50.000,1920x1080,635,0,0,635,80,116,44,66,20.704,0.872
P30_112,P30,80.900,1.348,50.000,1920x1080,49,0,0,49,16,16,13,13,36.341,0.892
P30_113,P30,366.640,6.111,50.000,1920x1080,144,0,0,144,26,35,17,28,23.565,0.837
P30_114,P30,122.320,2.039,50.000,1920x1080,39,0,0,39,15,12,11,10,19.130,0.956
P31_01,P31,475.358,7.923,59.940,1920x1080,64,0,0,64,21,27,16,22,8.078,0.630
P31_02,P31,208.608,3.477,59.940,1920x1080,17,0,0,17,7,12,7,12,4.890,0.743
P31_03,P31,274.391,4.573,59.940,1920x1080,23,0,0,23,7,11,7,10,5.029,0.388
P31_04,P31,96.563,1.609,59.940,1920x1080,10,0,0,10,8,5,8,4,6.214,0.518
P31_05,P31,483.383,8.056,59.940,1920x1080,55,0,0,55,22,20,17,19,6.827,0.535
P31_06,P31,187.437,3.124,59.940,1920x1080,26,0,0,26,13,13,11,12,8.323,0.597
P31_07,P31,252.302,4.205,59.940,1920x1080,29,0,0,29,8,13,6,11,6.896,0.857
P31_08,P31,837.937,13.966,59.940,1920x1080,90,0,0,90,23,24,16,23,6.444,0.633
P31_09,P31,254.905,4.248,59.940,1920x1080,34,0,0,34,12,16,9,16,8.003,0.670
P31_10,P31,540.090,9.001,59.940,1920x1080,0,46,0,46,17,21,13,20,5.110,0.625
P31_11,P31,254.938,4.249,59.940,1920x1080,0,29,0,29,14,15,11,15,6.825,0.504
P31_12,P31,205.789,3.430,59.940,1920x1080,0,22,0,22,11,12,8,10,6.414,0.823
P31_13,P31,658.274,10.971,59.940,1920x1080,64,0,0,64,19,31,14,27,5.833,0.561
P31_14,P31,313.530,5.225,59.940,1920x1080,26,0,0,26,14,22,10,20,4.976,0.612
P32_01,P32,494.861,8.248,59.940,1920x1080,0,60,0,60,13,25,10,22,7.275,0.540
P32_02,P32,222.472,3.708,59.940,1920x1080,0,27,0,27,9,8,7,7,7.282,0.654
P32_03,P32,242.092,4.035,59.940,1920x1080,0,12,0,12,8,5,8,5,2.974,0.823
P32_04,P32,364.931,6.082,59.940,1920x1080,0,40,0,40,10,14,7,13,6.577,0.693
P32_05,P32,426.293,7.105,59.940,1920x1080,0,37,0,37,12,18,10,17,5.208,0.425
P32_06,P32,589.789,9.830,59.940,1920x1080,0,48,0,48,15,20,10,19,4.883,0.462
P32_07,P32,28.979,0.483,59.940,1920x1080,0,3,0,3,3,2,3,2,6.211,0.807
P32_08,P32,199.182,3.320,59.940,1920x1080,0,16,0,16,11,10,9,10,4.820,0.714
P32_09,P32,281.531,4.692,59.940,1920x1080,0,39,0,39,10,17,7,14,8.312,0.730
P32_10,P32,406.072,6.768,59.940,1920x1080,0,44,0,44,17,17,12,13,6.501,0.796
P33_101,P33,854.560,14.243,50.000,1920x1080,0,0,288,0,0,0,0,0,0.000,0.000
P33_102,P33,559.400,9.323,50.000,1920x1080,0,0,190,0,0,0,0,0,0.000,0.000
P33_103,P33,333.920,5.565,50.000,1920x1080,0,0,137,0,0,0,0,0,0.000,0.000
P33_104,P33,747.440,12.457,50.000,1920x1080,0,0,322,0,0,0,0,0,0.000,0.000
P33_105,P33,2209.580,36.826,50.000,1920x1080,0,0,760,0,0,0,0,0,0.000,0.000
P33_106,P33,411.720,6.862,50.000,1920x1080,0,0,173,0,0,0,0,0,0.000,0.000
P33_107,P33,652.880,10.881,50.000,1920x1080,0,0,217,0,0,0,0,0,0.000,0.000
P33_108,P33,235.300,3.922,50.000,1920x1080,0,0,84,0,0,0,0,0,0.000,0.000
P33_109,P33,1323.620,22.060,50.000,1920x1080,0,0,418,0,0,0,0,0,0.000,0.000
P33_110,P33,594.980,9.916,50.000,1920x1080,0,0,205,0,0,0,0,0,0.000,0.000
P33_111,P33,432.520,7.209,50.000,1920x1080,0,0,194,0,0,0,0,0,0.000,0.000
P34_101,P34,120.420,2.007,50.000,1920x1080,0,0,32,0,0,0,0,0,0.000,0.000
P34_102,P34,512.380,8.540,50.000,1920x1080,0,0,98,0,0,0,0,0,0.000,0.000
P34_103,P34,221.320,3.689,50.000,1920x1080,0,0,63,0,0,0,0,0,0.000,0.000
P34_104,P34,912.240,15.204,50.000,1920x1080,0,0,133,0,0,0,0,0,0.000,0.000
P34_105,P34,95.440,1.591,50.000,1920x1080,0,0,19,0,0,0,0,0,0.000,0.000
P34_106,P34,148.900,2.482,50.000,1920x1080,0,0,32,0,0,0,0,0,0.000,0.000
P34_107,P34,612.260,10.204,50.000,1920x1080,0,0,125,0,0,0,0,0,0.000,0.000
P34_108,P34,53.220,0.887,50.000,1920x1080,0,0,10,0,0,0,0,0,0.000,0.000
P34_109,P34,290.100,4.835,50.000,1920x1080,0,0,52,0,0,0,0,0,0.000,0.000
P34_110,P34,134.680,2.245,50.000,1920x1080,0,0,21,0,0,0,0,0,0.000,0.000
P34_111,P34,541.300,9.022,50.000,1920x1080,0,0,85,0,0,0,0,0,0.000,0.000
P34_112,P34,976.760,16.279,50.000,1920x1080,0,0,111,0,0,0,0,0,0.000,0.000
P34_113,P34,747.040,12.451,50.000,1920x1080,0,0,133,0,0,0,0,0,0.000,0.000
P35_101,P35,388.260,6.471,50.000,1920x1080,94,0,0,94,14,20,13,19,14.526,0.650
P35_102,P35,1773.980,29.566,50.000,1920x1080,0,0,370,0,0,0,0,0,0.000,0.000
P35_103,P35,1512.480,25.208,50.000,1920x1080,240,0,0,240,27,42,21,39,9.521,0.762
P35_104,P35,3350.440,55.841,50.000,1920x1080,781,0,0,781,31,54,23,47,13.986,0.778
P35_105,P35,2148.260,35.804,50.000,1920x1080,430,0,0,430,28,46,23,39,12.010,0.729
P35_106,P35,677.660,11.294,50.000,1920x1080,0,0,173,0,0,0,0,0,0.000,0.000
P35_107,P35,1640.440,27.341,50.000,1920x1080,344,0,0,344,22,44,16,36,12.582,0.874
P35_108,P35,3015.080,50.251,50.000,1920x1080,660,0,0,660,21,51,16,42,13.134,0.890
P35_109,P35,1129.480,18.825,50.000,1920x1080,283,0,0,283,21,41,17,35,15.033,0.833
P36_101,P36,702.460,11.708,50.000,1920x1080,0,0,82,0,0,0,0,0,0.000,0.000
P36_102,P36,793.840,13.231,50.000,1920x1080,0,0,126,0,0,0,0,0,0.000,0.000
P37_101,P37,1681.460,28.024,50.000,1920x1080,378,0,0,378,34,42,22,30,13.488,0.852
P37_102,P37,682.620,11.377,50.000,1920x1080,150,0,0,150,26,23,15,18,13.184,1.015
P37_103,P37,395.120,6.585,50.000,1920x1080,74,0,0,74,12,9,10,7,11.237,0.975
